0x0716c3f02090bd26b1001102fe430cf356186bb2,3387
0x0716c3f02090bd26b1001102fe430cf356186bb2,3374
0x0716c3f02090bd26b1001102fe430cf356186bb2,3369
0x0716c3f02090bd26b1001102fe430cf356186bb2,3339
0x0716c3f02090bd26b1001102fe430cf356186bb2,3291
0x0716c3f02090bd26b1001102fe430cf356186bb2,3279
0x067f16eefb7f44a337177f7cb0d658233111a720,3394
0x067f16eefb7f44a337177f7cb0d658233111a720,3377
0x067f16eefb7f44a337177f7cb0d658233111a720,3367
0x42e3c1b90fb712909b09593c419d245c50942a50,3340
0x42e3c1b90fb712909b09593c419d245c50942a50,3332
0x9b7cb24f7ee022fe1c67199fcd99eae415dde47f,3335
0x9b7cb24f7ee022fe1c67199fcd99eae415dde47f,3296
0x1a622fffda4670d5ce8369c0a858310680880ae1,3327
0x1a622fffda4670d5ce8369c0a858310680880ae1,3435
0xe5e4d744997419175ddb11bd20eafacefed22cc6,3305
0xe5e4d744997419175ddb11bd20eafacefed22cc6,4500
0xe53259ac58faf8746c5d6a091eee7a33e3372a4e,3402
0x6d074368166f5786e059a20f476510e048e4ea7f,3363
0xf21ae414c02e02321258a31fa41cff6a7dc1c36f,3330
0xa00c1c6f502d84598f1349c2fc6f6422579d96c4,3337
0xc94f45b13d637f1466fd3f8601036de5edfca92b,3284
0x896fcaca9c42f6eb09a395c35f6a934062064a23,3288
0x6d339a0bd24cd505e764980564a189727b15260c,3307
0x30bdbd7a003fee4f215cf1ce433b53b5862fa8b8,3295
0xf1704b997ab76592f6ee3ffc3356192956da4a1f,3276
0x03736f5b27df8de5773f94caddceb89a044ae4a9,3349
0x73323c1b133413f5d18ad881c43d94b9ae098ca5,5337
0x78519ed7c0e9892535839d914a6e148161160762,5339
0x56b74f884b875ff0ee4a100c9efc7acc6ea40f60,5345
0x2840de34c0d91fa23fc2d9779560d81ca1e2407b,5319
0x18dd0a35977f88e7adade2682e3d9a585ad3b87d,5346
0x7c07162e7a709366c0f3b9953e71135acc1a18bc,5287
0xfe968f385ca7a4eeeb395e5c4cfa5140d62572ff,5271
0xb200663fbeae3c28d898453fb4fd9898cf0bcbd8,5289
0x5dad3c6766fdee4418c823b942e8a020ad8a8697,5282
0xfb41fb49e64d683081289df948ae4130e6798792,5277
0x1b7028cd39a2a2c23d00f05f3edb07afc4a7a9ce,5294
0xa12a9b78c3d68bf4aad2f7b39c6317a1d87f3565,5281
0x4f8ef6001e49fd1af4b3d52c9144cabd360840dd,5285
0x3470992973db795039d86b3e6682784b325b3121,5288
0x9f4768766ce6e0f4d36f73c5e91376540b617eff,5293
0xe01fe87309959d658b14c9808ba6f835b826dea4,5297
0xe160e0b07c3b30a7d02f0d42ae7820b26370f332,5283
0x329318a4d3765648604c9c878e19f942d8a03bd1,5279
0x765d8e61bd060d0400bbe2a1d648b225434ec9f2,5273
0x023b368296f1a9cdc5f9a502ed85720e2e468784,5280
0x89261a7e4b287671d9c8fa7844ef94f88450a370,5284
0xc5cf70818024406541e50202c535cc7b234092eb,5274
0xff4fac1ee29f0a6f78b14cbc771f34d1406da286,5299
0x432d5a60721337e67f67f5d198d9585cf995419f,5286
0xb942e88d716b204f821db5c811a9343cfef12859,5290
0xabda7c8793eb11c2067a2360b9764efe9c1665dd,5272
0x2cc0f3947e36f38c1643695db7d4366f7879e0bf,5262
0x48f8abbe3206249052007ff81db85b3229959c67,5267
0xed2eee3a04a24ca24971bc8e136e00ac93058ddb,5260
0x69c12e2ca4886e7e5945cdd9b2be2e5fd89532bb,5270
0xce0a38c72a4365a37dfe7f93edbc3df9baa56f33,5275
0xead2b5c28e8afd516e62b132c7e01b00be948fab,5261
0xa636821ad243148f9058fc3e0f329f0e2b8695dd,5266
0x53217fa41e7a6a3914dc214b97feb434b31f52a2,5264
0xec6d6a02e12f7ab9b1f5b81e0a421b03ddf33bb0,5265
0x9338ebba7061f02b5fca39273352bb4cc9f5e09b,5257
0x85d1919c786cb9531a9c7e0af7cdffd1d7266c95,5263
0x0E75d39f1D643e6C879381C61cbeed51d2038CF0,5255
0x9fe26e74ed5f6cc4248e31a51577b496d7a077c9,5254
0x36c8bbea98be7ec123646dc36f7f0e61afbec416,5278
0x3a9b382c86640fe5f1a9c53dedef8f1fa4c4cdc5,5253
0x9ff21192f8a7bd002328e9d17ad77de4f57d99f7,5269
0xcdb3ce70f270ac4d8b53ea718a4911cc691f2e43,5251
0x36adbb3c00e847fa70ade2ba357aaa9dc3ce2768,5276
0xcb389764a2f5cba2b0a2da429715d422fb1ff598,5249
0x5aed22bc89153d591c61d61e2325617b779353dd,5258
0x7894b641a26052c308b95c48cddf4441b4411603,5245
0x66633cc6b84cd127a0bb84864c1a4ea0172469a6,5247
0x0de101737fafd0eb7cf0c986a1fc66137f1ece6f,5248
0x250fa7c1747f4cadda91c87766c53d746ec84240,5256
0x80e8f298069cbe363cf8c16091d37171fd30a247,5252
0x461e9fc1585c958fd4a748fd8afc807bc4d90c60,5240
0x7cd697041e98c860e64e4bd41a889b8579753e6f,5244
0xb2b4d90c391942f502bbd786051c27d05209329f,5235
0x1488f80717b9aec285f492e27bf08a913035fb55,5239
0xfb5577f9d3f6c22056511fb1a5411b428bf63405,5242
0x82cfecc75cd2df8c6154a90aa51a51156a5c9c69,5231
0x1a258f501e1e36e0a7f7b8f3d75042ab1172a028,5230
0x8520364a65f1b096e7a1309abb86b0bb790e421a,5241
0x99ae96d1ba5d95abdfd9176949a210a622dd2f46,5236
0xbe3cdef19b51a4de4829d9339a982e156148e61e,5243
0x3b2102507b2b70aca8f49a8825ebe063879b6518,5250
0xe311e246769ccaba5128d99e001201f97d8d542b,5259
0x76c5fd525fd20c95d27aa7678efa016a7cb8db6b,5237
0x848569941c58aa3274c4153c1dd4f867cd5c543f,5234
0x95bdd5e5c0d308ca14810acea0c0fddd59393ac0,5233
0xeb12df46cf674a5f386fe1eef4b50593a0c58041,5232
0xd24c0699a49c11e2c1697172d59168c8ad581873,5238
0x6b44f7c4139ddb84d012a39a11c81dcff7a2536b,5221
0x20ea21b8c700c9186f4f910db0a39578f13156ea,5220
0x91ae6b383fba985f6641d46aa4f6be41f081e347,5223
0x5d6eea3118ed0beab2fd754343d1ee368cbec450,5228
0xde0b527055efd57423ec9db26cd532a2b2117df9,4717